{"cameraMode":{"drawMode":0,"name":"Shaded","section":"Shading Mode"},"sceneLighting":true,"audioPlay":false,"sceneViewState":{"m_AlwaysRefresh":false,"showFog":true,"showSkybox":true,"showFlares":true,"showImageEffects":true,"showParticleSystems":true,"showVisualEffectGraphs":true,"m_FxEnabled":true},"in2DMode":false,"pivot":{"x":2.4897468090057375,"y":-2.689202070236206,"z":3.5728397369384767},"rotation":{"x":-0.09119652956724167,"y":0.10111691057682038,"z":-0.009434216655790806,"w":-0.990678071975708},"size":8.454995155334473,"orthographic":true}