{"cameraMode":{"drawMode":0,"name":"Shaded","section":"Shading Mode"},"sceneLighting":true,"audioPlay":false,"sceneViewState":{"m_AlwaysRefresh":false,"showFog":true,"showSkybox":true,"showFlares":true,"showImageEffects":true,"showParticleSystems":true,"showVisualEffectGraphs":true,"m_FxEnabled":true},"in2DMode":false,"pivot":{"x":0.8617247343063355,"y":-2.3638415336608888,"z":-0.07846425473690033},"rotation":{"x":0.003193821758031845,"y":-0.24353380501270295,"z":0.000864151050336659,"w":0.9699122309684753},"size":0.02385145239531994,"orthographic":false}